{
      "science": [
        {
          "title": "Jeden Tag acht Fußballfelder",
          "img": "./imgs/pic1.jpg",
          "message": "„Der überbordende Flächenfraß ist einer der größten Treiber der Biodiversitäts- und Klimakrise. Er verstärkt Naturkatastrophen, gefährdet die Gesundheit der Menschen und führt nicht zuletzt zu einem enormen Energieverbrauch“, warnte der Bodenschutzsprecher beim WWF Österreich, Simon Pories.Der WWF fordert daher eine verbindliche Obergrenze von maximal einem Hektar pro Tag für den Flächenfraß. Greenpeace will, dass der Bodenverbrauch bereits 2025 auf 2,5 und bis 2030 auf maximal einen Hektar pro Tag gesenkt wird. „Österreichs Natur- und Lebensraum schrumpft jeden Tag durch Verbauung. Täglich verlieren wir ein Stück Identität und werden ärmer“, kritisierte der Vorstandsvorsitzende der Österreichischen Hagelversicherung, Kurt Weinberger, in einer Aussendung.",
          "date": "2. Dezember 2022, 12.06 Uhr",
          "author": "red, science.ORF.at/Agenturen"
        },
        {
          "title": "„Schengen-Raum für Abfall“ gefordert",
          "img": "./imgs/pic2.jpg",
          "message": "In ihrem „Green Deal“ setzt die Europäische Union auf Kreislaufwirtschaft und Recycling. Die Bürokratie steht dem aber oft entgegen, kritisiert der Europäische Abfallwirtschaftsverband. Er fordert, dass Import und Export von Abfällen künftig leichter werden – und somit eine Art „Schengen-Raum für Abfall“.",
          "date": "2. Dezember 2022, 9.56 Uhr",
          "author": "red, science.ORF.at/Agenturen"
        },
        {
          "title": "„Gute Wissenschaftliche Praxis“ bleibt „Stiefkind“",
          "img": "./imgs/pic3.jpg",
          "message": "Um die Qualität von Wissenschaft zu sichern, haben sich die Standards „Guter Wissenschaftlicher Praxis“ (GWP) entwickelt. Laut einer neuen Studie der Österreichischen Forschungsgemeinschaft (ÖFG) gibt es aber nur wenige Lehrangebote dazu an Österreichs Unis – die ÖFG ist dabei selbst in die Kritik geraten.",
          "date": "2. Dezember 2022, 8.33 Uhr",
          "author": "red, science.ORF.at/Agenturen"
        },
        {
          "title": "Fachleute warnen: Grippe und RSV verbreiten sich",
          "img": "./imgs/pic4.jpg",
          "message": "Gemeinsam stellten die Erreger eine Gefahr für die Gesundheitssysteme und Bevölkerungen dar. „Das unterstreicht, wie wichtig es für gefährdete Gruppen ist, sich gegen Influenza und Covid-19 impfen zu lassen, und wie wichtig es für alle ist, sich und andere vor Infektionen zu schützen“, hieß es am Donnerstag in einem gemeinsamen Statement von EU-Gesundheitskommissarin Stella Kyriakides, WHO-Regionaldirektor Hans Kluge und der Direktorin der EU-Gesundheitsbehörde ECDC, Andrea Ammon.",
          "date": "1. Dezember 2022, 15.48 Uhr",
          "author": "red, science.ORF.at/Agenturen"
        }
      ]
    ,
  "sports": [
    {
      "title": "Australien-Coach lässt Zukunft offen",
      "img": "./imgs/pic5.jpg",
      "message": "Australiens Teamchef Graham Arnold hat seine Zukunft nach dem Achtelfinal-Aus bei der Fußball-WM in Katar offen gelassen. Er werde erst einmal Urlaub machen und „dann wird man sehen, was passiert“, sagte der 59-Jährige nach dem 1:2 gegen Titelmitfavorit Argentinien am Samstagabend. Er habe bisher nicht darüber nachgedacht, wie es weitergeht. Er brauche erst eine Pause, so Arnold. Sein Vertrag als Coach der „Socceroos“ endete mit dem Turnier in Katar.",
      "date": "Online seit heute, 8.24 Uhr",
      "author": "red, ORF.at/Agenturen"
    },
    {
      "title": "WM-Aus für Brasilianer Gabriel Jesus und Alex Telles",
      "img": "./imgs/pic6.jpg",
      "message": "Für die Brasilianer Gabriel Jesus und Alex Telles ist die WM in Katar vorzeitig beendet. Der Arsenal-Angreifer und der Außenverteidiger des FC Sevilla verletzten sich beim 0:1 gegen Kamerun jeweils am rechten Knie. Für beide sei die WM in Katar nach Untersuchungen am Samstag gelaufen, bestätigte der brasilianische Verband.",
      "date": "Online seit gestern, 12.58 Uhr",
      "author": "red, ORF.at/Agenturen"
    },
    {
      "title": "Althaus verhindert ÖSV-Doppelsieg in Lillehammer",
      "img": "./imgs/pic7.jpg",
      "message": "Katharina Althaus hat am Samstag auf der Normalschanze in Lillehammer einen ÖSV-Doppelsieg im dritten Weltcup-Springen der Saison verhindert. Die Deutsche setzte sich bei ihrem insgesamt neunten Weltcup-Erfolg 9,9 Punkte vor Eva Pinkelnig und 17,8 Zähler vor Sara Marita Kramer durch.",
      "date": "Online seit gestern, 17.59 Uhr",
      "author": "red, ORF.at/Agenturen"
    },
    {
      "title": "Niederlande glänzen mit Effizienz",
      "img": "./imgs/pic8.jpg",
      "message": "Das 3:1 gegen die USA hat den Niederlanden nicht nur einen Platz im Viertelfinale der WM in Katar gebracht, sondern auch einige positive Erkenntnisse. Der letztlich sichere Erfolg gegen einen engagierten, aber oft zu ideenlosen Gegner war vor allem vor der Pause ein Resultat der effizienten Spielweise. Die zahlreichen Kritiker in der Heimat scheinen daher fürs Erste milder gestimmt zu sein.",
      "date": "Online seit heute, 11.37 Uhr",
      "author": "red, ORF.at/Agenturen"
    }
  ],
  "austria": [
    {
      "title": "Vierfachsieg für Österreichs Herren in Igls",
      "img": "./imgs/pic9.jpg",
      "message": "Österreichs Herren haben den Erfolgslauf der Gastgeber beim Weltcup-Auftakt der Rodler am Sonntag in Innsbruck-Igls nahtlos fortgesetzt. Nico Gleirscher gewann den Einsitzer-Bewerb vor Wolfgang Kindl, Jonas Müller, und David Gleirscher.",
      "date": "Online seit heute, 12.02 Uhr",
      "author": "red, ORF.at/Agenturen"
    },
    {
      "title": "Rekordjahr beim Gemüseanbau",
      "img": "./imgs/pic10.jpg",
      "message": "Veränderte Essgewohnheiten und eine Internationalisierung der Küche haben die Ausbreitung des Anbaus von Zuckermais auch in Oberösterreich stark begünstigt. Die Zuckermaiskultur ist damit zum Wachstumstreiber im Gemüseanbau geworden, so Stefan Hamedinger, der Gemüsebaureferent in der Landwirtschaftskammer: „Vor fünf Jahren betrug die Anbaufläche von Zuckermais noch unter 200 Hektar, heuer ist sie bereits auf 385 Hektar angewachsen.“          ",
      "date": "Online seit heute, 11.28 Uhr",
      "author": "red, ORF.at/Agenturen"
    },
    {
      "title": "Der „Mundl“ ist tot",
      "img": "./imgs/pic11.jpg",
      "message": "Der Schauspieler Karl Merkatz ist Sonntagfrüh kurz nach seinem 92. Geburtstag zu Hause in Salzburg gestorben. Das gab seine Familie gegenüber der APA bekannt. Den Österreichern hat er sich als Fleischhauer Karl Bockerer und als Edmund „Mundl“ Sackbauer eingeprägt.",
      "date": "Online seit heute, 11.21 Uhr",
      "author": "red, ORF.at/Agenturen"
    },
    {
      "title": "Drogen für 1,5 Mio. Euro sichergestellt",
      "img": "./imgs/pic12.jpg",
      "message": "Nach Ermittlungen der Einsatzgruppe zur Bekämpfung der Straßenkriminalität hat die Wiener Polizei eine große Menge an Kokain aus dem Verkehr ziehen können. Auf der Straße verkauft hätte es rund 1,5 Millionen Euro eingebracht. Drei Verdächtige sind in Haft.",
      "date": "Online seit heute, 11.06 Uhr",
      "author": "red, ORF.at/Agenturen"
    }
  ]

}