WAC bezahlt teures Lehrgeld;https://www.diepresse.com/5718741/Europa-League_WAC-bezahlt-teures-Lehrgeld?from=rss;Die Wolfsberger wollen die Hoffnungen aber auch nach dem 0:3 gegen Istanbul Basaksehir nicht aufgeben. Coach Struber: Wir wissen, was wir bewerkstelligen können.;2019-11-08T08:45:00;SPORTS
Polizisten schließen sich in Bolivien Protesten an;https://www.diepresse.com/5719540/Polizisten-schliessen-sich-in-Bolivien-Protesten-an?from=rss;Die Regierung schließt einen Einsatz der Armee vorerst aus.;2019-11-09T17:00:00;POLITICS
FC Bayern sagt Arsène Wenger ab;https://www.diepresse.com/5718523/Trainersuche_FC-Bayern-sagt-Arsene-Wenger-ab?from=rss;Der Elsässer Arsène Wenger wird nicht neuer Bayern-Coach. Der Klub sucht doch eine Langzeitlösung.;2019-11-07T17:17:00; SPORTS
5,5 Milliarden: Facebook schraubt Gewinn und Nutzer nach oben;https://www.diepresse.com/5714760/Quartal_55-Milliarden_Facebook-schraubt-Gewinn-und-Nutzer-nach-oben?from=rss;Trotz Datenskandalen und anhaltender Kritik am Umgang mit manipulativen Web-Inhalten hat Facebook im dritten Quartal glänzend verdient und Nutzer hinzugewonnen.;2019-10-30T20:52:00;TECH
Weltweit fast vier mal so viele Menschen online wie 2005;https://www.diepresse.com/5717056/Studie_Weltweit-fast-vier-mal-so-viele-Menschen-online-wie-2005?from=rss;48 Prozent der Frauen und gut 58 Prozent der Männer sind weltweit im Netz. Je entwickelter einer Region, desto höher ist der Anteil der Internetnutzer.;2019-11-05T11:51:00;TECH
Elektroauto ID.3 rollt 2020 im VW-Werk Zwickau vom Band;https://www.diepresse.com/5714945/Premiere_Elektroauto-ID3-rollt-2020-im-VWWerk-Zwickau-vom-Band?from=rss;VW startet am Montag die Produktion des ersten vollelektrischen Fahrzeuges. Auch Kanzlerin Merkel wird in Sachsen erwartet. Für den ID.3 gibt es 30.000 Vorbestellungen.;2019-10-31T10:41:00;LIFESTYLE
Energie: Wasserstoff statt Dieselrauch   ;  https://www.diepresse.com/5691450/Energie_Wasserstoff-statt-Dieselrauch?from=rss;Bei Schwerfahrzeugen, aber auch Staplern könnte die Brennstoffzelle eine interessante Alternative zu Diesel und Batterie sein. Noch mangelt es allerdings an Fahrzeugen, Infrastruktur und Akzeptanz.;  2019-09-17T17:56:00 ;  LIFESTYLE
    Kreml will souveränes russisches Internet schaffen;https://www.diepresse.com/5715423/Internetgesetz_Kreml-will-souveraenes-russisches-Internet-schaffen?from=rss;In Russland ist ein höchst umstrittenes Internetgesetz in Kraft getreten. Kritiker fürchten, dass damit die Meinungsfreiheit massiv einschränken wird.;2019-11-01T11:05:00;TECH
TikTok: Wie gefährlich ist das größte Start-up der Welt? [premium];https://www.diepresse.com/5714679/VideoApp_TikTok_Wie-gefaehrlich-ist-das-groesste-Startup-der-Welt?from=rss;Die populäre Video-App TikTok aus China beflügelt die Fantasie. Ist das weltgrößte Start-up nun also der nächste Star an der Börse oder eine Gefahr für die nationale Sicherheit?;2019-10-31T08:12:00;TECH
Rapid ist wie Ferrari: Da ist Herz im Spiel [premium];https://www.diepresse.com/5718974/Quereinsteigerin_Rapid-ist-wie-Ferrari_Da-ist-Herz-im-Spiel?from=rss;Ex-Formel-1-Teamchefin Monisha Kaltenborn ist Rapid-Fan, die Topmanagerin könnte mit Martin Bruckner sogar ins SCR-Präsidium einziehen. Über Bälle, Autos  ihre Ideen für Grün-Weiß und Parallelen der Königsklasse des Motorsports zur Bundesliga.;2019-11-08T13:51:00;SPORTS
Wienerberger: Gewinnplus;https://www.diepresse.com/5718553/Baustoffe_Wienerberger_Gewinnplus?from=rss;Das Unternehmen steigerte den Umsatz leicht und den Gewinn stark. Grund war der verstärkte Verkauf teurerer Produkte.;2019-11-07T17:37:00;ECONOMY
Zwerger neuer Mehrheitseigentümer bei Autozulieferer Rupert Fertinger;https://www.diepresse.com/5718991/Zwerger-neuer-Mehrheitseigentuemer-bei-Autozulieferer-Rupert-Fertinger?from=rss;Die restlichen 49 Prozent gehen an eine Investorengruppe. Das Sanierungsverfahren soll im November abgeschlossen werden.;2019-11-08T13:57:00;ECONOMY
E-Auto-Absatz: Besorgniserregende Unterschiede in Europa;https://www.diepresse.com/5713827/EAutoAbsatz_Besorgniserregende-Unterschiede-in-Europa?from=rss;Die Einführung von E-Fahrzeugen hänge eindeutig mit dem Lebensstandard in einem Land zusammen, ortet der europäische Fachverband.;2019-10-29T10:50:00;LIFESTYLE
Mitsubishi: Abschied in Grau und Schwarz;https://www.diepresse.com/5691335/Sondermodell_Mitsubishi_Abschied-in-Grau-und-Schwarz?from=rss;Last Edition Mitsubishi L200 Blackline.;2019-09-17T17:39:00;LIFESTYLE
Google kauft Fitness-Firma Fitbit für 2 Milliarden Dollar;https://www.diepresse.com/5715490/SmartwatchBusiness_Google-kauft-FitnessFirma-Fitbit-fuer-2?from=rss;Nach tagelangen Gerüchten bestätigt Google die Übernahme von Fitbit. Der Smartwatch-Pionier hatte in der Vergangenheit Probleme, alleine gegen Apple und die Billig-Konkurrenz aus China zu bestehen.;2019-11-01T14:15:00;TECH
Renault Master: Aufgepeppt mit Pkw-Komfort;https://www.diepresse.com/5691342/Renault-Master_Aufgepeppt-mit-PkwKomfort?from=rss;Ein gutes Beispiel, wie man Baureihen aktuell hält: mit vielen Goodies wie beim Master.;2019-09-17T17:42:00;LIFESTYLE
Werner Kogler möchte zehn Jahre regieren;https://www.diepresse.com/5719280/Koalitionsverhandlungen_Werner-Kogler-moechte-zehn-Jahre-regieren?from=rss;Freitagabend endeten die Sondierungsgespräche. Am Sonntag entscheiden die Grünen über Koalitionsverhandlungen.;2019-11-08T20:03:00;POLITICS
Insider: Hochrangige Regierungsmitarbeiter per WhatsApp ausgespäht;https://www.diepresse.com/5715307/SpionageSoftware_Insider_Hochrangige-Regierungsmitarbeiter-per?from=rss;Mit einer israelischen Spionage-Software konnten offenbar die Smartphones der Betroffenen ausgespäht werden. Am Dienstag hatte WhatsApp gegen die Firma NSO Group Klage eingereicht.;2019-10-31T19:03:00;TECH
Vorwürfe gegen Novomatic fallen gelassen;https://www.diepresse.com/5718552/Vorwuerfe-gegen-Novomatic-fallen-gelassen?from=rss;Staatsanwalt stellte Korruptionsermittlung ein.;2019-11-07T17:37:00;ECONOMY
DiePresse wünscht einen schönen Sankt Nimmerleins-Tag!;https://www.diepresse.com/13243546/Was-fuer-ein-Tag?from=rss;Diesen Sankt Nimmerleinstag gibt es nicht wirklich.;2019-11-37T10:43:00;POLITICS
Lask legt spielerische und mentale Reifeprüfung ab [premium];https://www.diepresse.com/5718782/Analyse_Lask-legt-spielerische-und-mentale-Reifepruefung-ab?from=rss;Mannschaft und Trainer haben beim 4:1-Sieg über PSV Eindhoven die volle Überzeugung in die eigenen Tugenden vorgelebt. Als Lohn liegt der Aufstieg ins Sechzehntelfinale der Europa League bereit.;2019-11-08T10:55:00;SPORTS
Opel Combo Cargo: Neue Gene, bekannte Transporteigenschaften;https://www.diepresse.com/5691338/Opel-Combo-Cargo_Neue-Gene-bekannte-Transporteigenschaften?from=rss;Neue Basis: Opel Combo Cargo.;2019-09-17T17:57:00;LIFESTYLE
Politiker mahnen Engagement gegen Antisemitismus ein;https://www.diepresse.com/5719406/Novemberpogrome_Politiker-mahnen-Engagement-gegen-Antisemitismus-ein?from=rss;Bundespräsident Van der Bellen, Kanzlerin Bierlein, Nationalratspräsident Sobotka SPÖ warnten vor aktuellen Entwicklungen.;2019-11-09T10:41:00;POLITICS
Wunsch nach einem normalen Land [premium];https://www.diepresse.com/5718543/Rumaenien_Wunsch-nach-einem-normalen-Land?from=rss;Bei der Präsidentenwahl am Sonntag gilt der eher trocken wirkende Amtsinhaber, Klaus Johannis, als deutlicher Favorit: Er ist für viele Rumänen der einzige Garant für Stabilität.;2019-11-09T13:34:00;POLITICS
Wie funktionieren Trollfabriken?;https://www.diepresse.com/5715080/Informationskrieg_Wie-funktionieren-Trollfabriken?from=rss;200 Fake-Konten löschte Facebook kürzlich. Sie stehen im Verdacht, Einfluss auf die Wahlen in Afrika genommen zu haben. Betrieben sollen sie von Putin-Koch Yevgeny Prigozhin worden sein.;2019-10-31T13:25:00;TECH
Lynch-Kampagne: Erdoan poltert gegen die Uefa;https://www.diepresse.com/5718380/LynchKampagne_Erdogan-poltert-gegen-die-Uefa?from=rss;Alle Fußballer hätten das Recht, sagt der türkische Präsident Recep Tayyip Erdoan, zu salutieren. Die Kritik daran in Europa werte er als Diskriminierung.;2019-11-07T13:26:00;SPORTS
Zinsentief: Wege aus der Zwickmühle [premium];https://www.diepresse.com/5718558/Renten_Zinsentief_Wege-aus-der-Zwickmuehle?from=rss;Immer mehr Bonds werden zum Verlustgeschäft. DJE-Gründer Jens Ehrhardt setzt deshalb auf ausgewählte Strategien  freilich nicht nur auf dem Anleihenmarkt.;2019-11-09T09:56:00;ECONOMY
Das ist ein fehlerhafter Artikel [premium];https://www.diepresse.com/123456/Das-ist-ein-fehlerhafter-Artikel?from=rss;In diesem Artikel ist das Datum falsch formatiert.;2019-11-T08:05:00;POLITICS
Arbeiterkammer-OÖ-Chef: Früchte der Arbeit sind ungleich verteilt;https://www.diepresse.com/5718807/ArbeiterkammerOOeChef_Fruechte-der-Arbeit-sind-ungleich-verteilt?from=rss;Die Beschäftigten im Tourismus sind laut dem aktuellen Arbeitsklimaindex mit ihrer Arbeit am unzufriedensten.;2019-11-08T10:05:00;ECONOMY
Cupra: Eine Art Porsche Macan für Arme [premium];https://www.diepresse.com/5704239/Fahrbericht_Cupra_Eine-Art-Porsche-Macan-fuer-Arme?from=rss;Cupra ist der Name einer Neo-Marke, die bislang ein einziges Modell im Sortiment hat. Und das verkauft sich erstaunlich gut. Mit mehr aus dem Hause  das man nicht Seat nennen soll  ist zu rechnen.;2019-10-12T10:40:00;LIFESTYLE
Alibaba hofft auf 10 bis 15 Mrd. Dollar frisches Geld;https://www.diepresse.com/5718820/HongkongBoersengang_Alibaba-hofft-auf-10-bis-15-Mrd-Dollar?from=rss;Der chinesische Online-Riese ist seit 2014 bereits an der Börse in New York gelistet.;2019-11-08T10:36:00;ECONOMY
Gewerkschaft zu Kahlschlag bei AUA: Katastrophe war absehbar;https://www.diepresse.com/5718195/Luftfahrt_Gewerkschaft-zu-Kahlschlag-bei-AUA_Katastrophe-war-absehbar?from=rss;Falsche Standortpolitik führte zu Lohndrückerei und Wettbewerbsgemetzel unter den Airlines am Flughafen Wien, kritisiert die Gewerkschaft vida.;2019-11-07T17:19:00;ECONOMY
Golf: Schwab greift in der Türkei nach erstem Tour-Sieg;https://www.diepresse.com/5719488/European-Tour_Golf_Schwab-greift-in-der-Tuerkei-nach-erstem-TourSieg?from=rss;Matthias Schwab baute seine Führung am dritten Tag des European-Tour-Finalauftakts auf drei Schläge aus. Bernd Wiesberger liegt an 54. Stelle.;2019-11-09T14:15:00;SPORTS
Apple rechnet mit Plus im Weihnachtsquartal;https://www.diepresse.com/5714779/iPhoneGeschaeft_Apple-rechnet-mit-Plus-im-Weihnachtsquartal?from=rss;Apple zeigt sich optimistisch für das anstehende Weihnachtsgeschäft - die mit Abstand wichtigste Zeit für den iPhone-Konzern. Für das angebrochene Quartal prognostizierte Apple am Mittwoch einen Umsatz-Zuwachs auf 85,5 bis 89,5 Milliarden Dollar.;2019-10-30T22:18:00;TECH
Wie wir lernen, mit dem Auto zu reden [premium];https://www.diepresse.com/5697783/Sprachassistenten_Wie-wir-lernen-mit-dem-Auto-zu-reden?from=rss;Schön sprechen: Sprachassistenten hören auch im Auto mit. Von einfachen Sprachbefehlen haben sich aktuelle Systeme weit abgesetzt. Schmähführen mit der Maschine  das ist keine Science-Fiction mehr.;2019-10-02T11:53:00;LIFESTYLE
AUA-CEO Hoensbroech: Anfang 2020 wird man wissen, wo welche Stellen gestrichen werden;https://www.diepresse.com/5718079/Sparpaket_AUACEO-Hoensbroech_Anfang-2020-wird-man-wissen-wo?from=rss;Wer genau und wie viele Mitarbeiter von den Sparmaßnahmen der Austrian Airlines betroffen sind, soll Anfang kommenden Jahres verkündet werden, sagte AUA-CEO Alexis von Hoensbroech. Ein Großteil des Stellenabbaus soll über die natürliche Fluktuation erfolgen.;2019-11-08T05:42:00;ECONOMY
A1 warnt vor Phishing-App, die Bankdaten stiehlt;https://www.diepresse.com/5714843/NetztestApp_A1-warnt-vor-PhishingApp-die-Bankdaten-stiehlt?from=rss;Kunden, die bereits die App installiert haben, sollen sie umgehend löschen und ihre Bank kontaktieren.;2019-10-31T08:40:00;TECH
Türkis-Grün: Das Wochenende der Entscheidungen;https://www.diepresse.com/5719523/Fahrplan_TuerkisGruen_Das-Wochenende-der-Entscheidungen?from=rss;Die Schritte hin zu türkis-grünen Verhandlungen sind klar vorgegeben: Was bis Montag passiert.;2019-11-09T16:31:00;POLITICS
Konzernverlust bei Magna bremst Fertigung in Graz;https://www.diepresse.com/5718921/Fahrzeuge_Konzernverlust-bei-Magna-bremst-Fertigung-in-Graz?from=rss;Bei Magna Steyr in Graz rollten bis September 124.500 Autos vom Band. Zuletzt hat sich das Tempo des Anstiegs etwas abgebremst;2019-11-08T12:39:00;ECONOMY
Edel sei der Kombi, hilfreich und gut;https://www.diepresse.com/5718530/Fahrbericht_Edel-sei-der-Kombi-hilfreich-und-gut?from=rss;Wer wirklich Stil hat, beweist ihn mit einem Kombi statt einem SUV. Im Fall des BMW 330d ist allerdings auch etwas an Budget erforderlich.;2019-11-07T17:37:00;LIFESTYLE
Transporter: Sprinter mit wachsamen Augen;https://www.diepresse.com/5691332/Transporter_Sprinter-mit-wachsamen-Augen?from=rss;Noch mehr Assistenzsysteme: Gerade in oft eiligen Transportern können sie einen effektiven Beitrag zu mehr Verkehrssicherheit leisten.;2019-09-17T18:28:00;LIFESTYLE
Verkehrswende in Monaco: Vom Boulevard ins Museum? [premium];https://www.diepresse.com/5705259/Auf-den-Strassen-von-Monte-Carlo_Verkehrswende-in-Monaco_Vom?from=rss;Das Fürstentum Monaco ist immer noch Europas Hotspot für Supercars  doch der Zwergstaat arbeitet längst an seiner eigenen kleinen Verkehrswende.;2019-10-13T15:30:00;LIFESTYLE
Weitere unbequeme Details für Trump aus Zeugenaussagen im Kongress;https://www.diepresse.com/5719268/Amtsenthebungsverfahren_Weitere-unbequeme-Details-fuer-Trump-aus?from=rss;Der Ukraine-Experte Alexander Vindman bestätigt den US-Druck auf den ukrainischen Präsidenten Wolodymyr Selenskyj.;2019-11-08T19:26:00;POLITICS
Vorhang auf für die Impeachment-Show [premium];https://www.diepresse.com/5719505/Amtsenthebung_Vorhang-auf-fuer-die-ImpeachmentShow?from=rss;Wochenlang dauern in Washington die Hearings über ein mögliches Amtsenthebungsverfahren gegen Donald Trump schon an  und sie ziehen sich bis hinein ins Wahljahr. Ab Mittwoch auch öffentlich. Eine Übersicht über die Schlüsselfiguren.;2019-11-09T16:05:00;POLITICS
Russland kapselt sich vom Internet ab [premium];https://www.diepresse.com/5715533/Neues-Gesetz_Russland-kapselt-sich-vom-Internet-ab?from=rss;Wladimir Putin treibt seine Vision vom autonomen russischen Staatsnetz voran. Gegner fürchten digitale Zensur wie in China. Noch ist unklar, ob Moskau die technischen Mittel dafür hat.;2019-11-01T16:24:00;TECH
Bequemer Einstieg in das große Kino;https://www.diepresse.com/5719567/Bequemer-Einstieg-in-das-grosse-Kino?from=rss;Mit dem EF 100 bietet Epson einen Laser-Beamer unter 1000 Euro. Im Test waren die Abstriche geringer und lagen woanders, als man auf den ersten Blick vermuten würde.;2019-11-09T17:05:00;TECH
Machtkampf in Bolivien - Staatssender besetzt, Polizei meutert;https://www.diepresse.com/5719721/Staatskrise_Machtkampf-in-Bolivien-Staatssender-besetzt-Polizei?from=rss;Auch Polizisten schließen sich den Protesten gegen den linken Präsidenten Evo Morales an. Gegner orten Wahlbetrug und fordern seinen Rücktritt. Zwei staatliche Sender wurden besetzt.;2019-11-10T08:47:00;POLITICS
Gesucht: Grün und regierungsfähig [premium];https://www.diepresse.com/5719565/Ministrabel_Gesucht_Gruen-und-regierungsfaehig?from=rss;Werner Kogler wird bei einer Regierungsbeteiligung der Grünen wohl Vizekanzler  aber welche Minister würden mit ihm regieren? Ein Who is Who der ministrablen Grünen: von Rudolf Anschober bis Ulrike Lunacek.;2019-11-10T08:01:00;POLITICS
VW startet Produktion des Elektroautos ID.3;https://www.diepresse.com/5716302/Massentauglich_VW-startet-Produktion-des-Elektroautos-ID3?from=rss;Im Werk Zwickau läuft heute die Fertigung des ersten reinen, relativ günstigen Elektroautos von Volkswagen an. Die ersten Kunden sollen den ID.3 ab Sommer 2020 bekommen.;2019-11-04T05:58:00;LIFESTYLE
E-Mobilität: Oberleitung auf der Autobahn;https://www.diepresse.com/5691452/EMobilitaet_Oberleitung-auf-der-Autobahn?from=rss;Auf einer Teststrecke in Deutschland sollen Hybrid-Lkw ihre Akkus während der Fahrt auf der Autobahn via Oberleitung laden.;2019-09-17T17:56:00;LIFESTYLE
Trumps Stabschef ignoriert Vorladung des Kongresses;https://www.diepresse.com/5719432/UkraineAffaere_Trumps-Stabschef-ignoriert-Vorladung-des-Kongresses?from=rss;Die US-Demokraten vermuten bei Mick Mulvaney substanzielles Insider-Wissen in der Affäre.;2019-11-09T11:52:00;POLITICS
E-Autos, weil man sie auch kann [premium];https://www.diepresse.com/5712338/EAutos-weil-man-sie-auch-kann?from=rss;Während in Europa viele glauben, das Elektroauto sei ohne Alternative, gehen Japans Autohersteller andere Wetten ein. Drei spannende Stromer stehen dennoch am Start.;2019-10-30T14:43:00;LIFESTYLE
Thiem und das Klassentreffen der Vorzugsschüler;https://www.diepresse.com/5718537/Thiem-und-das-Klassentreffen-der-Vorzugsschueler?from=rss;Dominic Thiem zählt 2019 zum vierten Mal in Folge zu den acht besten Spielern des Jahres. Obwohl die Gruppengegner Novak Djokovi und Roger Federer heißen, ist der Niederösterreicher zuversichtlich wie noch nie.;2019-11-07T17:37:00;SPORTS
Tesla-Chef Musk verkündet seinen Abschied von Twitter;https://www.diepresse.com/5715705/29-Millionen-Follower_TeslaChef-Musk-verkuendet-seinen-Abschied?from=rss;Nachdem ihm einige seiner Tweets ordentlich Ärger eingebracht haben, hat sich Tesla-Chef Elon Musk aus dem Kurzbotschaftendienst Twitter verabschiedet. Er sei sich nicht sicher, welchen Nutzen Twitter habe.;2019-11-02T09:08:00;TECH
Strafzinsen für Kunden;https://www.diepresse.com/5718542/Strafzinsen-fuer-Kunden?from=rss;Die Commerzbank lässt nun Privatkunden für Einlagen zahlen. Und sie kippt ihr Gewinnziel.;2019-11-07T17:37:00;ECONOMY
Diese fünf Wirtschaftsgeschichten sollten Sie gelesen haben;https://www.diepresse.com/5718980/Diese-fuenf-Wirtschaftsgeschichten-sollten-Sie-gelesen-haben?from=rss;Der Bund macht Überschüsse, bei der Voest kriselt es. Verkehrte Wirtschaftswelt also. In den Wirtshäusern darf nicht geraucht werden. Da ist viel passiert in den vergangenen Woche. Auch in der Notenbank gehts rund. Alles hier im Wochenrückblick des Economist.;2019-11-08T14:36:00;ECONOMY
Facebook überlegte Namensänderung - und hat ein neues Logo;https://www.diepresse.com/5716834/Facebook-ueberlegte-Namensaenderung-und-hat-ein-neues-Logo?from=rss;Wäre das Ansehen des Konzerns besser, wenn mehr Menschen wüssten, dass auch Instagram und WhatsApp zu Facebook gehören? Eine neue Markenstrategie soll das Unternehmen mit Großbuchstaben aus der Imagekrise führen.;2019-11-05T06:18:00;TECH
Dem Fehlpfiff folgt eine Gala-Vorstellung des Lask;https://www.diepresse.com/5718607/Europa-League_Dem-Fehlpfiff-folgt-eine-GalaVorstellung-des-Lask?from=rss;Die Linzer drehten Rückstand gegen PSV Eindhoven noch in einen 4:1-Sieg und haben damit im Aufstiegsrennen alle Trümpfe in der Hand.;2019-11-07T19:43:00;SPORTS
Was wir von Japan lernen können [premium];https://www.diepresse.com/5715875/Automarkt_Was-wir-von-Japan-lernen-koennen?from=rss;Inmitten des europäischen (und österreichischen) SUV-Booms nach US-Vorbild lohnt sich ein Blick ins Autoland Japan. Dort hat die Gesellschaft mit ihrem Fuhrpark ein vielleicht besseres Arrangement getroffen  mit traditionell kleinen, leichten, leisen und sparsamen Autos.;2019-11-06T11:07:00;LIFESTYLE
Rainer Will: Datenhoheit muss Menschenrecht sein [premium];https://www.diepresse.com/5718905/Digitalisierung_Rainer-Will_Datenhoheit-muss-Menschenrecht-sein?from=rss;Rainer Will ist Chef des Handelsverbands. Die Digitalisierung sei nicht immer ein Segen, sagt er und kritisiert die steuerliche Besserstellung der Tech-Giganten. Für Europa fordert er einen New Digital Deal.;2019-11-10T08:13:00;ECONOMY
Seit 2001 gesamte Ackerfläche des Burgenlands verbaut;https://www.diepresse.com/5718846/Bodenverbrauch_Seit-2001-gesamte-Ackerflaeche-des-Burgenlands-verbaut?from=rss;Die Statistik Austria hat die Flächeninanspruchnahme in unserem Land untersucht. Deren kontinuierlicher Anstieg wird unsere Umwelt vor große Probleme stellen, lautet das Fazit.;2019-11-08T11:00:00;ECONOMY
Aufsichtsratsjob von Ex-Voest-Chef Eder vor Gericht  angefochten;https://www.diepresse.com/5718884/Eders-Aufsichtsjob-vor-Landesgericht-Linz-angefochten?from=rss;Ein Aktionärsvertreter reichte im Sommer Klage beim Landesgericht Linz ein. Laut dem Konzern sei die Wahl rechtmäßig erfolgt.;2019-11-08T11:48:00;ECONOMY
Hans Niessl ist neuer BSO-Präsident   ;https://www.diepresse.com/5718998/HundstorferNachfolge_Hans-Niessl-ist-neuer-BSOPraesident?from=rss;Burgenlands ehemaliger Landeshauptmann wurde zum Präsidenten der Bundessportorganisation gewählt.;2019-11-08T14:05:00;SPORTS
Apple startet offiziell seinen Streamingdienst TV+;https://www.diepresse.com/5715501/Apple-startet-offiziell-seinen-Streamingdienst-TV?from=rss;US-Konzern will Platzhirschen Netflix und Amazon Konkurrenz machen. In ersten Tests schneidet der Streaming-Neuling schlecht ab.;2019-11-01T15:02:00;TECH
Königliches Wunderkind;https://www.diepresse.com/5718531/Champions-League_Koenigliches-Wunderkind?from=rss;Nur Raúl war jünger: Der 18-jährige Rodrygo ist der Mann der Stunde bei Real Madrid, im Bernabéu verewigt sich der Brasilianer gleich mehrfach in den Geschichtsbüchern.;2019-11-07T17:37:00;SPORTS
ÖFB-Frauen gewinnen in Nordmazedonien;https://www.diepresse.com/5719261/EMQualifikation_OeFBFrauen-gewinnen-in-Nordmazedonien?from=rss;Österreich glänzte nicht unbedingt, siegte aber 3:0 und kann nach drei Spielen eine makellose Bilanz vorweisen.;2019-11-08T18:56:00;SPORTS
Kommt jetzt das Ende des Rückspiegels?;https://www.diepresse.com/5704078/Kommt-jetzt-das-Ende-des-Rueckspiegels?from=rss;Kameras sollen Verbrauch senken US-Behörde prüft.;2019-10-10T16:15:00;LIFESTYLE
Bekannte Gesichter, neue Ministerien [premium];https://www.diepresse.com/5719569/OeVP_Bekannte-Gesichter-neue-Ministerien?from=rss;Die ÖVP kann (großteils) auf ein bewährtes Regierungsteam setzen. Die Frage ist nun, welche Zuständigkeiten zum Personal passen.;2019-11-10T08:06:00;POLITICS
Österreich hinkt meilenweit hinter E-Auto-Zielen her;https://www.diepresse.com/5718690/Oesterreich-hinkt-meilenweit-hinter-EAutoZielen-her?from=rss;Um die CO2-Ziele zu erreichen, müssten jährlich 160.000 E-Autos zugelassen werden. Die um 60 Prozent höheren Materialkosten seien eine Hürde für die E-Mobilität, sagt Berater A.T. Kearney.;2019-11-08T07:11:00;ECONOMY
Mauerfall-Gedenken in Berlin: Merkel mahnt zum Einsatz für Freiheit;https://www.diepresse.com/5719490/30-Jahrestag_MauerfallGedenken-in-Berlin_Merkel-mahnt-zum-Einsatz?from=rss;Die Spitzen des deutschen Staates gedachten am Samstag in Berlin bei der zentralen Feier auf dem früheren Todesstreifen an der Bernauer Straße des Falls der Mauer vor genau 30 Jahren.;2019-11-09T14:19:00;POLITICS
Die Digitalisierung der Stadt Wien [premium];https://www.diepresse.com/5715887/Wien_Die-Digitalisierung-der-Stadt-Wien?from=rss;Wien muss Europas führende Digitalisierungshauptstadt werden, hat Bürgermeister Michael Ludwig bestimmt. Doch was bedeutet das für die Menschen im Alltag? Und warum will Wien kein Silicon Valley werden? Eine Spurensuche.;2019-11-06T12:52:00;TECH
Milliardenüberschuss für den Bund [premium];https://www.diepresse.com/5718538/Budget_Milliardenueberschuss-fuer-den-Bund?from=rss;Wegen einer hohen Einmalzahlung und gestiegener Steuereinnahmen dürfte dem Bund am Ende des Jahres ein Überschuss von 1,5 Milliarden Euro bleiben  deutlich mehr als veranschlagt.;2019-11-07T17:58:00;ECONOMY
Microsoft und Warner speichern Superman auf Glasscheibe;https://www.diepresse.com/5716720/Innovation_Microsoft-und-Warner-speichern-Superman-auf-Glasscheibe?from=rss;Die Lagerung des gesamten Superman-Films auf einem  Glasstück in der Größe einer Untertasse sei ein Meilenstein, heißt es bei Microsoft.;2019-11-04T16:42:00;TECH
Teilrückzug von Frontlinie in der Ostukraine beginnt;https://www.diepresse.com/5719411/Teilrueckzug-von-Frontlinie-in-der-Ostukraine-beginnt?from=rss;Sowohl die ukrainische Armee als auch pro-russische Rebellen ziehen Truppen und Waffen aus Petriwske, dem letztem von drei geplanten Gebieten, ab. Es ist die Bedingung für ein erstes Treffen zwischen Wladimir Putin und dem ukrainischen Staatschef Wolodymyr Selenskyj.;2019-11-09T11:16:00;POLITICS
Buschfeuer bringen höchste Warnstufe für Sydney;https://www.diepresse.com/5719716/Rekordduerre_Buschfeuer-bringen-hoechste-Warnstufe-fuer-Sydney?from=rss;Die verheerenden Buschbrände in Australien, die bisher drei Todesopfer gefordert haben, werden immer mehr zur Bedrohung für die Millionenmetropole Sydney.;2019-11-10T08:42:00;POLITICS

Golf: Traumstart für Schwab beim Tour-Finale;https://www.diepresse.com/5718575/Golf_Traumstart-fuer-Schwab-beim-TourFinale?from=rss;Matthias Schwab liegt nach dem ersten Tag in der Türkei ex aequo mit dem Engländer Tom Lewis in Führung. Bernd Wiesberger ist 37.;2019-11-07T17:56:00;SPORTS
Was für eine sinnlose Kategorie!;https://www.diepresse.com/321654/So-eine-sinnlose-Kategorie?from=rss;So was Sinnloses aber auch.;2019-10-13T09:15:00;SINNLOSES
Fortnite-Profispieler wird lebenslang gesperrt;https://www.diepresse.com/5717240/FortniteProfispieler-wird-lebenslang-gesperrt?from=rss;Der 17-jährige Jarvis Kaye nutzte über einen Zweitaccount unerlaubte Aimbots, also Zielhilfen zum Schießen. Der Spielehersteller Epic Games reagierte prompt.;2019-11-05T15:08:00;TECH
Pick-up: Mit der Pritsche ins Gelände;https://www.diepresse.com/5691341/Rexton-Sport-XL_Pickup_Mit-der-Pritsche-ins-Gelaende?from=rss;Offroad-Talente stellt der Rexton Sport von SsangYong unter Beweis  kein Wunder, dafür wurde er auch konstruiert.;2019-09-17T17:49:00;LIFESTYLE
Fußball: Diese Zeile hat zu wenige Werte.;https://www.diepresse.com/987654/Faellt-das-jemandem-auf-Fragezeichen;2019-11-07T17:20:00;SPORTS
Fahrstil: Im Gleichgewicht bleiben;https://www.diepresse.com/5535007/MotorMagazin_Fahrstil_Im-Gleichgewicht-bleiben?from=rss;Gleich mehrere Schwergewichte haben wir in dieser Ausgabe für Sie versammelt, Menschen wie Maschinen: Stirling Moss, Ferrari F8 Tributo, Bentley Continental GT ... Lesen sie sich rein!;2019-09-27T14:43:00;LIFESTYLE
Von der Leyen will eine Billion für Klimaschutz aktivieren;https://www.diepresse.com/5719364/Von-der-Leyen-will-eine-Billion-fuer-Klimaschutz-aktivieren?from=rss;Gegenüber China müsse die EU die Sprache der Macht lernen, sagte die EU-Komissionspräsidentin in einer Rede in Berlin. In Sachen Migration glaubt sie an einen Neustart.;2019-11-09T08:40:00;POLITICS
Lask genießt Sternstunde für österreichischen Fußball;https://www.diepresse.com/5718736/Europa-League_Lask-geniesst-Sternstunde-fuer-oesterreichischen?from=rss;Nach dem famosen 4:1-Sieg gegen PSV Eindhoven ist der Aufstieg ins Sechzehntelfinale für die Linzer zum Greifen nah.;2019-11-08T08:38:00;SPORTS
Kontaktloses Zahlen nicht immer deaktivierbar;https://www.diepresse.com/5714995/Kontaktloses-Zahlen-nicht-immer-deaktivierbar?from=rss;Die Arbeiterkammer kritisiert nach einer Untersuchung, dass nur zwei von drei Banken die nachträgliche Deaktivierung der NFC-Funktion ermöglichen.;2019-10-31T11:11:00;TECH
Abschiedsgeschenk für Hoeneß: Bayern schießt Dortmund ab;https://www.diepresse.com/5719510/Deutsche-Liga_Abschiedsgeschenk-fuer-Hoeness_Bayern-schiesst?from=rss;Die Münchner feierten im letzten Spiel der Präsidentschaft von Uli Hoeneß einen klaren 4:0-Sieg.;2019-11-09T19:28:00;SPORTS
Erneut Tränengaseinsatz gegen Demonstranten im Irak;https://www.diepresse.com/5719614/Erneut-Traenengaseinsatz-gegen-Demonstranten-im-Irak?from=rss;Nach Einschätzung von Amnesty International kommen im Irakmitunter lebensgefährliche Granaten zum Einsatz.;2019-11-09T19:07:00;POLITICS
Reiche werden erstmals ärmer - aber trotzdem reicher;https://www.diepresse.com/5718688/Reichtum_Reiche-werden-erstmals-aermer-aber-trotzdem-reicher?from=rss;Geopolitische Spannungen haben auch Spuren im Vermögen der Wohlhabendsten hinterlassen. Überall ging die Anzahl der Milliardäre zurück - außer in Amerika.;2019-11-08T08:12:00;ECONOMY
Brasiliens Ex-Präsident vorzeitig enthaftet;https://www.diepresse.com/5719366/Brasiliens-ExPraesident-vorzeitig-enthaftet?from=rss;Heikles Urteil des Höchstgerichts: Lula da Silva, wegen Korruption 2018 zu fast neun Jahren verurteilt, kann erneut in Berufung gehen.;2019-11-09T16:37:00;  POLITICS
Golf: Schwab lacht in der Türkei weiter von der Spitze;https://www.diepresse.com/5719100/Golf_Schwab-lacht-in-der-Tuerkei-weiter-von-der-Spitze?from=rss;Matthias Schwab behielt bei seinem Europa-Tour-Finalbewerb am zweiten Tag die Führung mit einem Schlag Vorsprung. Bernd Wiesberger liegt an 62. Stelle.;2019-11-08T16:15:00;SPORTS
Hasenhüttl rutscht mit Southampton tiefer in die Krise;https://www.diepresse.com/5719633/Premier-League_Hasenhuettl-rutscht-mit-Southampton-tiefer-in-die-Krise?from=rss;Das 1:2 gegen Everton war die bereits vierte Niederlage in Folge. Im Moment sind wir nicht gut genug, so das Fazit von Ralph Hasenhüttl.;2019-11-09T19:09:00;SPORTS
Rapids Frustbewältigung in Altach;https://www.diepresse.com/5719582/Bundesliga_Rapids-Frustbewaeltigung-in-Altach?from=rss;Die Hütteldorfer leisteten Wiedergutmachung für den jüngsten Umfaller, feierten mit 3:0 einen seltenen Sieg im Ländle. Auch St. Pölten und Sturm Graz jubelten.;2019-11-09T17:52:00;SPORTS
Bentley: Orkan auf der Landstraße;https://www.diepresse.com/5718527/Neuvorstellung_Bentley_Orkan-auf-der-Landstrasse?from=rss;Auch bei Bentley ist Sparen angesagt  beim Verbrauch der Fahrzeuge wie bei deren Produktion. Es sollten Besitzer des neuen Flying Spur dennoch keine Not leiden.;2019-11-07T17:37:00;LIFESTYLE
Holzmann muss auf Büroleiterin verzichten;https://www.diepresse.com/5718539/Holzmann-muss-auf-Bueroleiterin-verzichten?from=rss;Der OeNB-Chef übernimmt den Büroleiter seines Vorgängers.;2019-11-07T17:37:00;ECONOMY
Michael Mic Hirschbrich: Die Zeit des Luxus wird kommen [premium];https://www.diepresse.com/5718556/Interview_Michael-Mic-Hirschbrich_Die-Zeit-des-Luxus-wird-kommen?from=rss;Big Data war erst der Anfang. Künstliche Intelligenz wird der Welt neuen Reichtum bringen, sagt Tech-Pionier Michael Hirschbrich.;2019-11-08T07:03:00;ECONOMY
Harte Bodenlandung für den WAC;https://www.diepresse.com/5718638/Europa-League_Harte-Bodenlandung-fuer-den-WAC?from=rss;Die Wolfsberger unterlagen Istanbul Başakşehir in Unterzahl 0:3. Für den Aufstieg bedarf es nun schon einer Gewaltleistung.;2019-11-07T22:02:00;SPORTS
Diskuswurf fliegt aus Diamond League: Frechheit des Weltverbandes [premium];https://www.diepresse.com/5718362/Leichtathletik_Diskuswurf-fliegt-aus-Diamond-League_Frechheit-des?from=rss;Diskuswurf, Hindernislauf und 200-m-Sprint gelten als unpopulär, der Weltverband Iaaf strich sie daher aus der Diamond League. ÖLV-Sportdirektor Trainer Gregor Högler muss umdenken.;2019-11-07T14:25:00;SPORTS
Großtransporter: Neue Motoren und bessere Vernetzung im Transit-Bereich;https://www.diepresse.com/5691336/Grosstransporter_Neue-Motoren-und-bessere-Vernetzung-im?from=rss;Insgesamt in über 450 Varianten: die Vielseitigkeit des Nutzfahrzeug-Klassikers von Ford.;2019-09-17T17:55:00;LIFESTYLE
Mindestens drei Tote durch Buschfeuer in Australien;https://www.diepresse.com/5719375/Mindestens-drei-Tote-durch-Buschfeuer-in-Australien?from=rss;Hundert Häuser wurden durch Flammen im Osten Australiens zerstört, zumindest 30 Menschen verletzt.;2019-11-09T09:12:00;POLITICS
Mikl-Leitner schließt Türkis-Blau nicht ganz aus;https://www.diepresse.com/5719435/Koalitionsverhandlungen_MiklLeitner-schliesst-TuerkisBlau-nicht?from=rss;Sollte es zu keinem Ergebnis nach den Sondierungsgesprächen geben, müsse man auch eine neuerliche ÖVP-FPÖ-Koalition offen lassen, sagte die niederösterreichische Landeshauptfrau.;2019-11-09T12:00:00;POLITICS
Twitter stoppt Werbung mit politischen Inhalten;https://www.diepresse.com/5714764/Praesidentenwahl_Twitter-stoppt-Werbung-mit-politischen-Inhalten?from=rss;Twitter verbreitet weltweit keine politischen Inhalte mehr als Werbung. Wir glauben, dass Reichweite für politische Botschaften verdient werden muss, statt erkauft zu werden.;2019-10-30T21:08:00;TECH
77.768 Zuschauer in Wembley: Rekord für Frauen-Spiel knapp verpasst;https://www.diepresse.com/5719628/Grosse-Kulisse_77768-Zuschauer-in-Wembley_Rekord-fuer-FrauenSpiel?from=rss;Die europäische Bestmarke vom Olympia-Finale 2012 bleibt somit bestehen. Die Fans, die dem nasskalten Wetter trotzen, sahen einen 2:1-Sieg der DFB-Frauen.;2019-11-09T19:44:00;SPORTS
US-Klinik überträgt Gehirn-OP live auf Facebook;https://www.diepresse.com/5714901/Facebook-Live_USKlinik-uebertraegt-GehirnOP-live-auf-Facebook?from=rss;Die 25-jährige Patientin war während des Eingriffs bei Bewusstsein.;2019-10-31T09:51:00;TECH
Als die Mauer in Little Berlin fiel [premium];https://www.diepresse.com/5719059/30-Jahre-Mauerfall_Als-die-Mauer-in-Little-Berlin-fiel?from=rss;Auch durch den 50-Einwohner-Ort Mödlareuth zog sich ein Betonwall. Er stürzte erst mit Verspätung ein. Vom DDR-Irrsinn in einem kleinen Dorf.;2019-11-09T08:05:00;POLITICS
Pfister-Verkauf an XXXLutz sorgt in Schweiz für Aufregung;https://www.diepresse.com/5718706/PfisterVerkauf-an-XXXLutz-sorgt-in-Schweiz-fuer-Aufregung?from=rss;Es gebe Irritationen um die Änderung des Stiftungszwecks der Pfister-Holding im Juni, berichten Medien. Das dazu erstellte Gutachten bleibt unter Verschluss.;2019-11-08T07:54:00;ECONOMY